{"rows":[{"name":"Platox","encountered":90,"lumaChance":0.011187650705641872,"encounteredPercent":0.23936170212765959,"timeToLuma":4298356844},{"name":"Saipat","encountered":87,"lumaChance":0.010816753354182307,"encounteredPercent":0.23138297872340424,"timeToLuma":4503430850},{"name":"Bigu","encountered":199,"lumaChance":0.048538656319728757,"encounteredPercent":0.5292553191489362,"timeToLuma":996931432}],"total":{"name":"Total","encountered":376,"lumaChance":0.045915405270831711,"encounteredPercent":1.0,"timeToLuma":1055665771},"timer":{"temtemCount":376,"durationTime":5421000}}